R,G,B
151.34545454545454,111.14545454545454,92.94545454545455
150.85,109.18,90.6
152.33,109.33,90.33
152.24,109.24,90.24
151.68,108.68,90.28
151.3,108.3,91.3
151.24,108.24,89.84
151.39,108.39,89.39
151.11,108.11,89.11
150.65,107.65,89.65
151.45,108.45,91.45
151.43,108.43,90.53
150.84,107.84,90.14
150.01,107.01,90.01
151.48,107.08,88.68
151.1,106.1,87.1
150.94,105.94,86.94
149.85,105.85,87.85
149.22,106.22,89.22
135.6,97.26,98.77
107.64,85.44,111.07
99.14,85.86,98.6
113.53,86.68,85.18
131.79,88.45,87.2
135.38,83.4,81.54
111.19,80.95,75.85
88.49,88.0,88.04
88.26,91.28,88.71
113.1,72.76,65.86
115.3,83.56,58.78
130.71,65.37,51.55
154.1,63.22,52.18
158.99,61.65,46.65
152.73,57.84,45.27
144.49,56.03,44.25
140.56,53.18,44.12
134.13,51.68,41.75
130.76,51.53,45.92
120.98,45.26,42.58
114.18,42.92,43.68
109.54,43.72,47.1
111.2,49.22,51.94
135.77,82.41,76.34
147.14,97.16,86.84
146.43,97.13,82.85
146.6,96.6,83.0
148.24,96.82,83.64
147.91,96.21,83.11
154.65454545454546,109.25454545454545,93.05454545454545
154.52,110.32,92.72
154.95,111.95,92.95
154.88,111.88,92.88
154.19,111.19,92.79
153.33,111.67,94.1
152.63,111.74,93.06
153.64,112.41,93.28
153.34,111.14,90.94
152.97,110.61,91.89
152.56,111.69,93.87
152.5,109.1,94.95
151.39,108.14,93.04
150.29,106.75,89.02
153.23,107.76,89.53
153.0,107.2,88.68
152.63,106.83,89.03
151.35,106.63,88.65
148.55,106.41,92.09
121.34,88.63,98.66
101.61,88.66,100.96
86.07,95.24,96.06
92.77,102.64,99.34
130.73,73.36,83.35
123.39,69.68,81.17
114.79,72.83,75.22
104.28,79.84,92.51
92.49,71.17,75.79
89.81,72.55,77.5
102.06,71.83,61.69
112.93,67.67,58.9
138.97,59.43,50.13
151.96,57.6,48.09
149.73,58.27,52.79
142.46,59.06,56.89
139.71,58.54,55.89
132.73,54.24,54.24
128.22,53.75,56.81
124.96,52.59,58.1
125.37,54.58,62.39
122.32,56.39,60.06
126.66,72.68,67.24
144.41,97.12,84.75
149.65,100.48,88.4
149.79,99.25,84.51
150.4,96.2,83.6
149.23,96.63,83.73
148.92,97.22,84.12
155.0,109.0,93.0
155.2,110.7,93.2
155.24,112.24,93.24
156.04,113.04,94.04
155.57,112.57,94.17
152.3,112.7,94.3
149.71,112.01,93.01
151.35,112.59,93.43
155.18,110.58,89.58
154.78,109.7,91.06
151.69,110.21,92.53
151.18,108.54,91.04
149.79,107.39,89.23
150.97,106.57,87.77
153.07,106.07,88.07
152.72,105.72,87.92
152.29,105.29,89.29
151.48,107.19,89.03
134.32,101.5,102.54
108.65,88.86,105.68
104.63,83.38,94.45
100.19,87.03,89.76
103.59,82.89,91.44
107.43,67.66,85.31
97.9,76.5,99.98
106.51,63.4,80.23
101.39,63.15,89.04
103.17,62.08,73.52
101.88,62.51,73.09
107.73,59.82,60.67
110.62,59.68,60.75
122.58,67.58,66.56
125.04,68.78,64.02
137.92,68.35,60.91
145.65,67.93,71.77
142.59,66.88,69.36
136.85,60.03,61.69
133.69,55.77,57.81
130.25,55.76,57.19
129.66,55.6,57.26
124.7,59.37,59.84
130.5,72.97,69.84
140.15,87.3,81.36
148.62,98.74,88.95
148.55,97.94,84.63
150.2,96.2,85.6
149.39,96.81,84.47
148.13,96.43,83.33
154.2,110.6,92.6
153.14,112.55,92.1
154.05,113.12,91.46
157.15,111.26,91.32
155.65,110.45,90.96
151.3,111.78,91.7
150.36,112.05,92.56
153.96,110.68,93.08
154.98,107.98,87.98
154.32,107.24,88.48
154.71,108.22,90.5
152.1,108.84,89.9
151.41,108.06,88.52
150.85,105.71,87.0
151.96,105.76,89.5
151.66,105.36,89.04
153.02,106.5,86.04
150.35,104.25,89.73
119.87,85.06,103.59
102.95,90.89,116.66
92.74,72.67,90.32
100.2,76.16,95.01
114.81,66.32,77.08
114.9,68.74,85.83
108.01,63.55,85.36
114.62,59.31,76.23
114.03,60.64,80.11
115.63,61.95,75.8
117.16,64.43,69.02
114.59,67.67,69.27
114.75,72.42,73.59
112.66,74.68,71.62
111.73,72.23,63.07
130.44,70.16,59.59
137.55,57.37,53.36
140.83,55.95,54.46
141.35,60.39,56.84
140.4,61.13,58.94
136.93,59.97,61.97
132.78,58.45,65.27
125.34,56.81,66.14
122.85,58.22,64.82
129.48,67.89,69.05
147.37,94.96,84.23
148.11,95.9,84.66
149.4,95.6,88.0
149.14,96.29,87.0
148.56,96.86,83.52
153.3181818181818,109.34545454545454,94.76363636363637
154.76,112.19,93.75
156.08,110.72,90.42
157.36,109.57,90.18
155.49,109.49,89.94
150.9,111.0,90.2
151.9,112.72,90.47
154.75,110.74,89.54
154.84,107.84,88.24
154.0,107.1,88.5
154.56,107.76,90.16
153.62,109.68,91.32
152.49,108.86,89.94
150.6,106.53,88.24
148.97,103.82,87.92
149.7,104.28,88.24
150.83,104.12,85.05
139.05,91.17,95.69
109.82,87.24,110.01
101.81,89.17,103.19
107.58,73.7,84.02
110.96,69.68,86.93
117.08,69.89,82.22
122.48,66.9,78.71
123.57,67.57,79.38
120.22,68.52,84.7
122.82,73.71,87.48
118.54,73.18,78.5
119.31,62.38,65.55
116.97,60.02,65.14
113.78,58.71,63.47
112.3,59.19,59.25
115.39,65.7,57.27
125.4,78.59,56.6
143.93,71.93,63.1
155.65,69.7,74.87
148.76,66.49,69.98
142.76,62.19,63.84
137.64,59.29,59.19
132.47,57.23,59.15
130.24,58.43,60.82
127.99,60.64,62.12
129.19,67.77,64.37
145.28,92.25,80.04
148.39,95.54,83.4
150.95,94.55,86.35
150.62,96.86,88.06
147.7,95.82,83.28
155.54545454545453,109.63636363636364,94.81818181818181
155.8,111.6,92.6
157.39,109.99,92.19
158.02,109.26,91.86
154.16,109.25,89.85
151.75,110.25,88.25
152.99,112.31,88.47
153.86,111.76,88.11
154.76,109.76,91.16
154.42,108.92,91.62
153.76,107.76,91.76
154.31,108.31,92.31
151.63,108.03,90.65
146.91,108.91,88.31
145.57,106.3,86.12
146.08,106.49,86.03
145.66,102.22,88.5
117.42,85.31,107.2
97.47,95.75,115.08
107.28,89.9,97.09
111.85,74.43,82.68
119.56,71.82,78.16
125.05,70.5,74.56
131.92,75.47,75.1
121.72,71.98,71.57
110.12,67.39,72.81
105.64,70.74,77.87
106.64,71.89,73.08
120.9,67.04,73.76
116.36,68.93,71.3
112.16,71.18,68.33
108.9,71.19,61.78
109.9,70.76,55.75
119.83,72.55,50.94
130.85,55.56,49.01
139.79,54.34,52.03
141.29,56.13,52.17
140.62,56.12,48.32
140.62,55.8,48.86
138.52,58.35,50.4
135.01,61.02,55.34
130.78,60.03,58.57
129.04,66.38,64.04
139.16,84.38,75.24
147.41,97.19,82.33
149.55,96.55,82.55
150.38,97.92,85.72
147.18,95.02,83.3
156.25454545454545,110.28181818181818,95.38181818181818
156.8,112.93,94.93
157.3,111.1,92.87
156.27,109.65,91.49
153.81,109.46,89.91
150.95,111.17,88.65
150.95,113.54,91.28
150.51,112.61,91.07
152.88,112.06,92.06
154.51,110.22,91.64
154.06,108.66,90.86
151.34,106.13,91.14
147.72,106.56,88.82
145.77,107.77,84.77
145.38,108.83,84.43
144.83,109.07,81.36
132.18,95.37,97.62
108.35,87.93,111.41
113.99,92.48,103.11
118.48,81.42,86.1
125.73,77.22,76.95
122.75,72.96,71.09
126.21,77.29,73.84
121.37,76.13,69.89
118.55,74.53,66.99
106.54,67.15,63.34
101.33,66.95,63.7
108.75,65.61,61.54
121.62,71.34,64.36
120.03,69.91,72.37
118.26,69.88,72.19
115.95,64.79,62.82
119.04,64.22,55.51
128.81,73.97,53.9
143.18,71.55,61.58
157.39,70.34,77.61
153.14,68.21,75.15
147.23,63.3,70.24
140.91,60.34,68.73
137.42,59.28,67.8
133.85,59.11,66.55
129.31,57.72,66.53
124.95,58.63,66.61
130.95,75.38,73.8
146.15,97.66,82.98
149.52,97.12,83.12
150.34,98.22,84.22
147.1,95.1,81.1
156.16363636363636,110.16363636363636,95.16363636363636
156.72,112.73,97.47
156.51,110.39,96.21
155.85,108.09,94.47
155.86,108.43,93.88
153.78,109.96,92.5
151.7,113.05,94.11
151.01,112.98,93.79
152.83,112.02,92.06
155.44,110.59,91.74
154.22,109.22,90.22
150.24,106.25,88.25
146.26,107.21,86.76
145.4,107.4,84.4
145.38,108.97,83.55
143.33,106.71,85.88
116.15,84.62,100.48
100.04,91.98,107.8
111.29,94.63,101.57
121.47,91.44,93.78
116.36,73.69,75.22
117.39,80.1,74.67
124.06,79.66,69.3
119.74,76.75,63.3
103.82,73.19,60.01
94.13,66.73,57.49
101.47,66.47,54.68
114.13,66.4,57.12
112.28,68.38,55.49
115.4,63.48,64.22
118.78,66.6,67.74
120.14,69.33,64.02
118.58,69.31,59.67
121.09,67.2,57.56
137.1,58.69,59.04
146.33,57.91,61.48
143.45,59.18,60.59
142.19,61.51,60.71
142.1,62.89,60.21
143.59,63.99,61.32
139.45,62.69,62.49
133.39,61.77,62.46
128.67,62.5,63.81
132.35,77.22,73.55
145.6,99.2,86.1
147.09,99.49,83.89
148.29,97.67,83.17
147.03,95.03,81.03
155.05454545454546,109.05454545454545,94.05454545454545
155.62,111.47,98.03
155.88,109.28,98.98
154.85,108.66,98.34
156.8,107.8,96.6
155.7,111.1,94.5
152.66,112.22,92.7
151.8,111.04,91.26
154.98,109.1,93.06
154.3,108.3,93.46
154.02,108.52,91.31
150.52,108.22,86.52
149.18,107.18,85.18
147.75,105.75,83.75
145.22,106.96,85.39
134.83,99.02,94.65
107.6,84.65,106.49
86.06,94.97,105.64
105.76,95.7,103.83
119.46,97.8,91.73
114.89,76.14,85.46
106.98,78.99,76.63
116.54,77.73,67.75
118.43,74.09,57.82
100.86,62.63,55.24
94.79,67.67,55.0
99.56,69.52,52.29
109.6,69.19,52.72
120.12,73.46,55.89
125.62,67.26,70.26
128.76,68.97,69.55
130.34,66.73,65.73
130.91,64.93,61.28
132.36,68.52,65.78
141.95,66.83,61.84
154.06,65.06,69.62
149.3,65.45,64.2
146.03,64.73,59.79
145.36,67.77,56.27
145.21,68.75,56.18
141.82,66.5,57.27
136.43,65.94,60.05
129.18,65.99,65.24
130.74,76.77,72.71
145.16,96.47,85.24
149.09,99.49,87.69
147.45,98.27,84.89
145.09,96.09,82.09
154.98181818181817,108.98181818181818,94.05454545454545
155.33,110.02,97.9
155.29,108.53,98.35
156.61,109.38,97.74
157.52,108.7,96.2
156.1,111.5,94.9
154.49,111.57,92.88
153.18,109.16,90.49
153.82,107.82,92.22
153.82,107.94,93.4
152.9,109.3,91.55
149.73,108.95,86.91
147.66,106.52,84.66
147.65,105.25,84.45
146.62,107.27,89.11
122.77,87.32,96.98
98.2,86.3,105.0
90.7,95.13,100.45
101.6,108.82,104.58
110.55,104.83,83.64
115.18,69.29,76.8
112.29,70.43,81.23
120.36,69.72,77.72
118.36,69.82,60.71
110.59,59.98,53.75
105.35,59.51,52.84
115.74,74.04,55.96
116.47,74.25,58.07
112.69,66.3,59.95
114.95,60.49,59.41
126.37,71.67,62.1
135.63,82.29,59.33
138.02,86.27,53.66
142.46,78.49,48.13
138.04,58.22,48.61
143.26,58.07,58.68
144.22,62.54,60.71
145.15,64.89,64.82
143.21,66.12,64.56
138.25,63.72,61.83
133.2,61.27,61.45
127.41,60.34,64.2
126.13,60.63,63.38
126.52,66.3,64.37
146.22,92.09,83.72
148.54,97.48,89.67
146.75,97.27,86.17
145.39,96.35,82.31
155.06363636363636,109.06363636363636,94.24545454545455
154.85,107.95,97.65
155.1,108.1,98.1
158.56,109.76,96.16
157.58,108.94,95.26
155.27,110.07,96.47
153.71,111.08,93.34
153.14,109.84,91.29
153.54,107.54,92.54
154.45,108.75,94.45
152.09,111.39,92.69
148.97,110.97,88.17
147.66,108.11,86.31
148.05,105.05,86.05
144.09,103.51,91.71
124.37,80.56,102.37
91.98,91.63,108.68
93.43,102.39,100.82
101.31,105.66,91.54
120.21,100.59,73.88
117.67,74.24,64.47
129.46,70.25,82.25
123.17,71.75,83.52
117.69,72.05,70.59
126.87,70.6,54.34
111.86,48.68,60.9
120.99,60.05,70.06
121.53,69.66,67.6
116.68,63.44,59.01
115.35,64.32,59.37
117.84,65.14,53.63
122.96,60.16,54.55
141.95,61.27,54.27
155.55,64.65,56.74
155.36,63.26,59.37
147.57,58.9,57.77
143.94,55.46,52.94
143.49,57.36,50.59
142.59,60.61,50.39
139.92,62.93,50.61
131.42,61.73,55.91
125.88,60.17,61.03
123.93,59.73,60.93
127.44,65.13,63.83
148.48,91.08,83.58
149.56,96.86,88.86
146.02,96.42,86.62
145.86,96.76,82.66
154.93636363636364,108.71818181818182,95.42727272727272
155.0,108.02,99.16
155.73,109.31,96.99
157.52,110.88,96.98
157.69,111.09,96.88
155.26,109.34,94.31
154.78,109.43,93.22
154.74,109.13,92.8
153.62,107.77,92.82
151.75,110.65,93.7
150.41,111.84,92.92
151.91,110.28,91.68
150.47,109.72,88.13
147.4,108.78,84.68
142.94,98.32,93.74
103.85,87.54,114.2
91.3,92.91,108.38
90.89,108.84,98.28
109.04,95.62,81.06
118.81,100.46,79.99
119.78,102.98,79.5
147.0,86.54,85.99
123.64,69.34,78.72
121.16,72.72,78.27
126.31,69.34,55.35
112.77,47.06,55.59
119.01,52.0,65.93
119.45,57.6,65.83
120.0,60.0,65.31
116.4,55.31,59.87
133.5,60.95,55.49
158.16,71.08,61.96
147.92,60.5,59.6
143.84,57.76,53.89
148.34,59.98,55.81
148.87,62.33,60.66
149.1,62.63,63.98
145.6,60.5,63.23
145.16,61.78,60.23
141.12,62.83,60.01
133.85,63.85,59.95
127.9,62.51,61.17
125.18,61.36,59.62
130.13,71.67,63.88
143.8,86.97,77.1
149.08,97.22,85.18
146.34,97.34,84.2
145.99,96.97,82.95
154.8909090909091,108.7,95.32727272727273
156.0,109.54,97.8
156.7,110.95,94.58
157.38,112.52,94.12
157.32,112.34,94.48
155.15,109.75,93.15
155.15,109.45,92.91
154.87,109.11,93.39
152.11,110.4,93.94
149.97,111.71,93.39
149.78,111.78,92.78
151.95,108.95,91.14
150.31,109.15,87.12
146.8,108.22,87.41
124.08,94.64,101.63
110.35,91.92,117.88
105.49,95.68,108.76
112.11,111.9,107.82
119.55,103.33,90.53
137.69,106.91,90.2
131.36,108.8,79.12
154.97,94.82,84.17
134.26,74.44,73.43
115.54,62.81,70.61
120.97,63.48,56.1
113.21,49.93,48.0
114.52,49.85,57.87
118.24,57.23,61.06
118.87,56.88,61.16
122.93,52.99,57.21
137.38,56.4,57.11
151.81,61.72,59.15
156.4,65.65,64.2
157.17,67.77,64.58
154.16,63.16,60.46
149.83,61.1,55.78
146.68,65.96,61.02
145.41,65.14,62.25
143.52,63.53,65.93
138.05,62.2,67.78
133.9,62.02,68.34
128.81,61.74,67.58
126.66,62.38,64.96
126.0,66.83,63.02
138.96,81.6,74.79
146.1,94.27,82.0
146.78,97.98,83.98
146.8,97.8,83.8
154.92727272727274,108.92727272727272,93.92727272727272
154.78,108.78,93.78
155.32,109.32,94.32
155.37,112.07,93.52
155.97,112.97,93.97
155.8,112.8,93.8
156.21,111.71,93.01
154.49,108.79,94.24
153.1,110.1,93.1
151.84,111.29,93.29
148.9,110.9,91.9
152.08,107.68,88.78
151.12,106.37,86.62
147.93,106.01,88.84
107.24,92.56,108.59
119.95,99.74,113.7
123.23,98.04,102.54
111.41,105.61,99.81
116.56,112.72,90.07
140.75,108.28,90.08
132.32,103.19,76.13
153.83,86.33,81.4
148.55,78.19,78.71
109.95,56.44,63.33
115.77,63.41,56.2
119.76,59.35,51.2
114.03,51.23,56.73
115.92,54.47,61.46
116.91,54.7,60.34
120.64,56.46,60.12
142.27,59.37,60.32
164.61,68.44,66.47
146.94,58.99,59.69
144.88,58.18,56.72
150.62,62.42,60.62
153.28,66.24,61.63
151.24,69.14,63.3
148.18,67.58,62.78
147.64,66.03,62.68
143.37,65.45,61.91
137.74,62.53,65.5
131.54,60.48,65.4
127.17,60.79,63.51
127.41,62.88,63.78
132.68,73.68,69.08
143.44,91.04,81.74
146.66,97.86,83.86
146.0,97.0,83.0
155.72727272727272,108.52727272727273,94.12727272727273
155.26,108.06,93.66
155.33,108.13,93.73
156.08,110.86,93.96
154.81,112.59,94.03
155.11,111.29,92.4
156.73,110.71,92.43
155.78,109.36,92.92
155.04,110.24,94.04
152.73,109.79,92.92
150.42,109.67,89.96
151.4,107.36,86.94
150.16,107.13,85.08
144.05,102.66,90.32
111.99,78.53,93.57
91.85,98.65,100.28
99.57,102.85,93.65
100.77,102.52,92.06
129.47,116.8,90.45
135.33,107.08,74.72
157.8,99.33,81.98
171.54,93.97,95.49
158.85,84.44,88.28
120.41,65.48,71.82
115.63,65.86,56.89
119.54,60.59,55.96
110.76,49.03,55.53
109.29,46.97,56.65
114.81,52.68,61.13
115.54,49.36,55.43
135.48,60.87,65.29
149.06,64.59,63.4
156.67,67.48,66.85
150.03,62.74,60.5
145.67,61.9,57.11
148.0,66.52,58.93
149.28,68.51,64.12
149.02,66.23,65.21
148.72,65.84,64.73
144.73,66.81,59.79
138.69,64.74,58.37
132.45,61.5,60.43
129.48,62.41,60.5
129.1,64.6,63.41
127.81,69.84,65.34
142.32,91.34,83.43
146.58,97.88,86.86
145.46,97.06,85.18
156.01818181818183,108.01818181818182,94.01818181818182
155.98,107.98,93.98
156.45,108.41,94.41
158.65,108.76,94.15
156.02,111.2,95.19
154.27,109.17,94.58
156.14,109.04,92.24
156.81,110.19,91.88
155.56,110.86,90.56
153.44,109.56,91.21
150.9,108.41,88.06
149.4,109.13,86.8
148.47,108.97,87.06
137.68,97.97,101.34
107.66,92.65,107.9
85.08,102.53,100.82
84.49,104.31,94.29
100.29,107.53,84.23
132.59,114.87,74.88
157.29,109.31,77.39
175.5,103.06,97.83
175.75,100.15,104.79
163.23,87.57,86.71
138.26,72.26,76.3
119.38,64.76,58.19
116.86,55.82,53.12
105.92,44.84,52.06
106.49,47.7,55.48
106.63,47.83,54.85
119.62,60.1,61.21
129.64,60.82,61.39
151.31,67.4,69.29
146.41,61.13,63.32
149.99,67.27,65.01
150.06,69.87,67.13
150.54,70.46,63.5
149.75,69.13,59.14
148.52,65.35,60.36
146.71,64.72,66.4
141.3,63.44,68.06
137.3,64.62,64.35
134.16,64.39,66.47
130.79,65.34,61.76
126.91,66.38,62.68
129.28,74.61,69.42
138.84,88.8,81.92
145.73,97.07,88.0
144.98,97.02,86.58
155.05454545454546,109.05454545454545,94.05454545454545
156.98,110.63,97.96
159.3,108.92,99.98
159.24,109.01,98.67
157.92,109.85,95.69
154.99,109.26,93.16
154.81,111.68,90.73
153.77,111.83,90.06
151.48,113.18,92.28
152.99,112.48,92.79
152.29,110.26,87.44
150.62,109.47,87.59
143.71,105.36,88.87
127.18,88.78,100.04
101.65,111.08,115.62
91.68,99.25,85.32
87.55,105.89,80.39
109.49,109.25,77.85
122.55,103.41,68.09
141.46,100.29,67.96
178.33,97.49,104.35
178.06,99.09,109.18
162.63,85.14,83.31
147.02,77.35,79.52
126.64,62.8,63.26
111.0,48.45,50.69
101.0,41.84,50.84
101.09,44.97,54.86
103.63,49.46,54.62
112.8,52.7,62.6
133.77,62.17,66.67
148.61,63.35,67.75
150.95,66.35,69.05
146.35,66.15,63.25
150.54,69.54,67.14
150.96,69.52,69.6
149.23,67.4,64.05
148.37,64.57,60.17
145.8,65.02,61.89
139.78,64.24,64.94
133.07,63.82,68.11
130.09,64.67,71.8
129.82,65.21,68.55
127.79,66.28,65.66
131.99,71.75,71.62
138.28,83.76,82.2
145.59,94.89,87.77
143.47,98.21,84.59
155.0909090909091,108.69090909090909,95.69090909090909
156.99,111.84,98.81
156.81,110.47,98.28
156.84,107.9,96.98
156.97,109.4,94.44
157.17,111.71,94.46
154.78,112.83,92.68
151.99,111.61,90.9
150.72,112.72,91.72
153.94,112.03,92.79
155.71,110.85,88.91
151.15,110.26,87.5
130.48,92.11,79.6
118.49,82.53,92.54
105.64,99.24,99.94
100.32,96.24,82.74
111.29,87.48,63.1
107.61,87.19,67.69
118.32,95.27,61.85
137.09,90.1,64.8
172.38,96.31,98.05
155.81,86.42,75.8
155.39,82.73,74.31
157.76,78.89,82.76
131.86,59.79,69.67
103.24,38.89,54.66
100.36,40.86,53.05
102.44,45.62,57.06
107.57,51.67,56.52
111.98,51.61,57.29
137.64,61.4,69.91
145.67,60.04,64.46
146.74,63.72,63.24
148.02,68.32,64.75
148.72,69.93,62.19
151.15,72.31,64.15
149.07,69.63,65.86
143.38,65.04,62.56
140.45,64.49,62.82
136.23,64.61,65.59
133.08,63.71,67.62
129.68,64.08,71.38
129.28,64.14,71.56
129.71,62.66,68.46
131.77,66.1,69.42
137.61,79.02,78.65
145.44,94.35,87.74
145.25,98.94,85.71
155.4,108.4,98.4
156.66,110.21,97.66
155.27,109.27,94.27
155.51,107.71,96.01
156.28,109.58,93.28
156.29,111.29,92.29
153.88,110.42,92.7
152.63,109.85,92.43
152.58,109.98,90.58
153.2,110.4,91.6
153.76,111.66,88.86
152.18,108.54,85.71
125.12,81.49,76.78
110.34,90.73,95.37
106.63,97.5,96.28
103.95,106.14,87.38
106.66,94.86,64.81
114.96,78.02,59.93
131.65,81.3,64.47
144.89,86.93,73.89
156.6,92.89,75.45
149.62,82.07,62.77
158.28,83.7,72.71
171.01,87.5,90.95
139.51,62.91,75.78
107.83,40.33,59.31
99.86,39.76,54.46
102.86,44.86,59.11
105.76,47.9,55.8
116.61,55.23,58.41
126.73,54.96,63.46
144.79,62.1,66.34
142.39,60.95,61.09
144.51,65.07,62.35
145.58,67.83,64.26
148.97,71.79,64.3
150.3,72.95,60.29
145.51,67.2,61.59
137.98,64.9,66.51
134.67,66.42,71.24
133.26,67.2,69.2
129.44,66.13,68.1
129.86,65.26,68.46
131.37,62.91,66.8
132.33,65.56,65.02
137.85,79.86,76.4
147.06,97.66,90.15
147.02,99.02,86.62
155.0,108.0,98.0
155.77,109.27,97.45
156.47,110.82,94.17
156.05,110.18,93.52
155.84,109.68,94.88
154.76,108.96,92.56
153.45,108.62,94.76
152.41,108.76,92.51
151.66,108.26,90.86
153.52,110.68,91.34
153.84,111.82,89.67
147.92,104.85,85.45
113.73,87.87,77.81
95.22,105.65,98.42
110.55,88.69,86.52
112.64,95.8,71.45
118.02,92.91,57.66
118.69,81.13,55.92
126.69,76.99,57.43
146.02,91.38,63.4
142.0,88.76,59.09
149.04,78.93,64.01
161.65,79.37,73.73
171.59,83.0,83.24
149.09,70.03,80.68
117.69,49.24,68.43
100.48,38.05,56.18
101.24,40.84,56.85
108.11,49.61,62.49
111.28,48.81,57.86
129.87,56.83,72.7
139.04,57.33,66.47
143.05,60.38,66.66
142.76,63.28,61.8
145.59,64.53,66.27
147.73,64.97,65.17
151.4,69.03,62.15
150.09,68.43,62.37
141.36,67.71,67.15
135.94,64.95,69.5
132.5,65.45,71.38
128.91,68.71,70.36
129.45,69.95,69.35
134.57,67.32,68.37
136.26,68.64,68.07
142.71,85.21,79.57
144.8,96.55,87.19
146.93,98.93,88.51
155.78181818181818,109.08181818181818,97.98181818181818
155.26,109.38,96.51
157.74,112.26,94.81
158.68,113.22,95.58
157.64,111.48,98.04
154.97,109.19,97.7
153.32,109.53,97.64
152.62,110.01,94.49
151.11,108.12,90.91
153.43,110.15,90.7
152.94,110.75,89.26
132.03,102.39,81.41
101.07,103.72,69.45
106.96,88.32,76.09
118.93,94.29,74.86
119.88,100.44,63.49
121.78,84.96,58.14
123.34,72.76,60.86
131.39,77.76,64.04
136.79,77.82,58.96
135.71,77.79,51.76
152.79,78.28,69.79
158.05,72.01,67.58
166.51,73.44,69.46
160.32,77.7,85.27
129.23,58.61,76.47
100.29,37.42,56.57
100.53,39.28,60.09
107.1,44.66,64.13
119.45,52.82,63.69
128.09,55.48,66.77
132.82,59.17,70.55
137.94,60.85,69.96
141.86,60.47,66.37
144.58,63.29,62.54
147.35,63.67,63.87
145.8,62.27,68.91
143.65,65.17,67.63
139.34,67.19,63.13
136.24,64.62,64.97
134.37,66.84,68.85
129.82,67.68,68.18
131.17,67.97,68.97
135.74,68.47,69.5
138.94,72.33,73.83
142.81,83.92,82.83
144.87,94.3,86.0
145.65,98.15,87.12
155.6,109.6,94.6
155.47,111.82,94.47
157.74,112.34,93.84
158.16,112.06,95.86
157.68,111.48,97.08
154.2,111.1,99.7
151.6,111.6,99.6
151.35,111.0,98.6
153.88,110.98,92.78
153.85,111.13,90.0
136.46,102.1,88.11
94.49,102.58,71.34
103.28,102.46,68.53
114.39,94.91,63.33
124.72,94.71,60.83
133.62,90.27,63.03
146.09,88.14,78.93
136.78,68.04,73.9
130.29,66.57,64.68
130.73,70.86,50.53
141.16,75.83,57.22
137.19,66.27,54.91
149.66,65.48,59.29
160.4,69.18,64.57
165.61,83.46,92.01
137.66,64.76,83.16
103.28,41.08,60.78
100.84,41.34,65.24
105.25,44.65,63.61
122.89,55.09,69.53
129.43,57.63,64.75
134.79,61.51,70.74
139.0,62.18,69.32
144.04,62.42,69.15
144.06,62.02,65.65
148.18,66.21,64.56
143.47,65.1,68.55
138.11,65.28,68.25
137.47,67.54,66.93
135.56,64.8,67.76
134.7,65.88,68.8
132.84,68.56,69.74
131.19,67.19,68.19
130.62,66.78,66.9
135.39,68.13,71.73
141.42,81.12,78.92
145.5,94.15,82.3
144.83,99.58,84.38
154.03636363636363,109.23636363636363,93.83636363636364
154.58,111.0,94.3
155.54,111.56,93.95
155.91,111.69,95.0
156.31,111.12,96.35
154.73,110.11,99.2
151.08,110.72,99.2
151.35,111.68,97.12
153.79,110.73,91.91
154.24,106.5,90.79
113.17,88.14,88.14
93.77,100.91,77.67
120.39,105.09,64.19
117.64,86.49,53.83
117.06,77.86,54.17
120.62,72.77,52.35
138.21,83.28,67.43
160.96,89.0,76.89
153.72,77.08,76.47
135.05,71.01,55.43
134.61,64.3,54.14
142.54,70.63,59.13
152.6,69.88,62.46
137.43,54.29,50.85
160.45,78.49,85.37
141.78,68.47,85.7
112.9,49.78,69.01
106.41,44.7,69.5
114.23,49.86,69.87
122.95,54.59,65.19
132.04,60.54,68.41
135.34,61.78,65.05
137.08,59.75,66.41
142.68,64.75,65.31
141.96,62.7,69.79
143.17,63.8,69.37
143.59,68.0,62.38
139.64,68.21,64.94
133.12,66.29,67.44
133.04,66.15,72.12
133.43,63.79,70.67
132.29,65.71,70.36
128.73,66.21,66.26
128.74,67.36,66.17
130.03,68.36,68.7
139.43,80.31,77.89
147.82,96.46,86.67
146.14,100.38,88.09
155.76363636363635,107.56363636363636,93.36363636363636
155.46,109.61,94.11
153.53,110.35,93.41
153.0,110.0,93.09
154.62,110.05,95.08
153.93,108.23,97.43
149.45,108.65,97.32
150.89,111.55,95.59
153.54,110.26,91.17
149.94,101.63,93.48
103.64,87.09,93.53
100.42,94.78,88.24
115.04,89.47,62.19
122.91,84.48,57.01
115.08,66.78,53.8
109.37,55.83,61.91
141.1,72.39,73.84
145.79,76.82,63.52
134.44,71.56,54.49
133.69,70.97,59.21
125.4,61.47,52.72
151.91,75.68,75.29
150.48,66.09,59.27
156.84,70.24,66.62
156.73,75.58,77.18
143.75,68.51,83.4
125.03,56.88,77.26
109.11,46.1,67.79
120.82,53.08,71.79
127.11,54.05,65.88
130.29,57.47,68.53
136.25,62.51,63.57
134.43,60.8,66.08
136.99,62.16,66.29
143.75,67.58,71.46
139.13,62.26,69.24
141.51,65.09,66.38
140.9,67.79,63.15
136.45,67.19,64.55
133.71,64.33,68.13
132.02,62.02,70.02
130.92,62.52,70.9
127.23,64.84,68.42
127.64,65.02,67.04
129.89,69.92,70.69
140.63,82.37,79.75
147.35,95.97,87.48
146.46,100.28,89.95
155.2,107.2,97.2
157.34,107.54,95.84
155.69,107.37,92.96
152.08,108.06,96.25
154.36,108.88,96.82
156.5,107.52,93.76
155.0,106.83,92.89
151.71,107.43,92.37
154.38,108.16,92.8
143.24,99.74,100.89
99.37,93.79,103.29
91.35,97.77,93.29
109.53,85.59,67.47
118.64,80.88,53.51
116.73,66.71,51.81
115.63,66.58,57.76
126.75,75.53,59.38
140.23,73.47,61.08
128.91,68.84,50.6
124.47,59.12,49.8
131.62,66.64,57.21
139.94,68.86,72.07
157.53,77.98,74.97
159.1,77.08,78.12
155.21,71.15,71.04
149.23,70.07,80.69
134.62,61.08,77.93
114.44,46.18,68.99
115.47,47.72,67.25
125.72,52.03,67.21
126.38,53.51,66.27
132.72,60.45,65.34
141.47,66.08,68.19
134.27,59.65,68.67
143.56,64.81,70.85
144.47,66.34,71.13
138.32,61.05,67.6
138.74,64.68,64.07
137.64,65.88,62.65
135.71,63.9,66.28
133.01,62.01,68.01
131.02,62.01,68.56
127.66,60.74,67.7
127.93,64.74,66.94
132.86,73.98,74.05
140.51,85.72,81.69
145.61,93.52,85.2
146.72,98.31,88.68
154.94545454545454,106.94545454545455,96.94545454545455
156.58,107.08,97.95
155.75,106.7,97.81
154.46,106.14,97.28
155.55,107.08,96.97
155.55,107.15,92.63
155.79,105.95,92.54
153.73,106.34,93.27
151.24,110.48,93.83
141.31,96.4,98.03
104.4,76.28,90.91
98.33,85.36,83.87
102.44,88.69,61.64
113.46,76.64,49.56
108.51,60.56,52.59
114.32,59.54,60.69
110.06,57.74,50.21
117.93,59.47,50.86
118.19,56.44,50.22
124.4,57.24,47.31
125.59,59.69,47.61
148.66,73.7,75.42
150.29,71.52,69.02
153.83,70.64,64.06
154.19,69.48,66.68
154.43,75.45,83.65
137.09,64.75,75.23
118.93,50.05,70.77
109.8,43.32,63.05
121.22,50.29,73.26
129.65,55.98,65.71
126.55,57.24,64.75
143.81,70.46,68.1
143.41,64.57,69.01
139.35,59.61,71.07
147.64,66.68,72.39
145.0,64.02,72.65
138.02,62.82,70.88
136.31,64.29,66.08
133.77,62.96,65.52
133.61,62.07,68.27
131.21,62.61,68.9
127.92,60.92,67.92
126.55,62.87,68.91
131.85,73.71,76.53
136.04,85.26,80.02
143.5,93.94,84.67
146.03,97.8,87.81
154.12727272727273,106.12727272727273,96.12727272727273
154.85,106.35,97.85
154.49,105.49,98.49
154.38,105.38,98.38
153.79,105.14,96.59
154.4,106.9,91.5
153.04,108.0,90.7
151.44,107.77,90.8
149.42,111.09,92.17
135.17,91.41,98.16
101.72,72.87,90.41
93.84,72.36,78.16
107.12,75.43,67.29
117.12,72.64,56.31
104.95,65.86,52.3
107.65,58.67,53.62
114.8,58.99,61.19
115.55,61.24,61.59
112.49,53.95,51.38
121.54,57.2,56.85
128.42,59.67,58.84
137.79,66.33,66.0
149.77,70.11,66.22
139.26,59.15,53.49
152.6,67.34,59.37
156.19,76.18,77.96
143.29,68.16,76.13
123.8,53.68,72.87
109.95,41.81,62.64
118.69,47.88,68.61
133.95,62.92,69.76
129.33,60.67,63.5
136.68,64.38,68.34
152.7,73.19,69.84
141.51,62.04,71.54
143.64,63.5,70.72
148.81,66.26,69.63
142.23,64.49,69.93
135.93,62.62,69.92
132.38,62.89,68.69
131.02,62.22,67.32
128.09,64.19,68.8
127.36,64.36,69.76
126.53,63.35,68.78
130.07,72.02,74.52
136.4,85.4,80.2
143.61,95.81,85.81
146.04,98.04,88.04
154.2,106.2,96.2
154.76,105.86,97.36
155.9,106.1,99.1
154.93,105.13,96.69
154.48,105.0,96.56
154.05,106.07,94.26
153.29,108.43,90.94
150.06,110.16,90.34
149.09,110.52,92.86
135.18,92.24,99.53
106.83,74.77,89.99
92.98,69.4,74.99
97.0,84.92,77.97
111.32,75.01,50.55
103.79,71.89,50.95
103.95,62.8,50.04
166.09,112.36,131.46
183.54,129.77,149.17
117.68,61.34,59.92
112.91,54.78,50.7
123.36,53.9,55.49
130.79,57.2,61.75
135.83,63.12,61.74
147.71,67.31,58.93
149.12,64.12,52.04
157.82,71.9,72.07
151.55,74.09,78.78
128.59,58.58,72.86
112.26,44.13,66.87
115.24,44.61,63.58
127.78,61.52,68.26
137.37,67.57,69.15
129.0,59.99,67.75
150.93,72.6,71.83
151.96,71.26,71.0
139.56,62.19,70.44
146.79,66.33,68.72
146.17,68.42,71.93
137.7,63.99,70.9
129.29,63.21,71.56
128.39,62.98,70.61
126.24,62.04,70.05
125.66,61.86,70.46
126.88,63.13,70.43
130.49,72.66,74.52
138.27,87.01,83.86
143.37,95.49,86.19
145.36,97.36,87.36
154.07272727272726,106.07272727272728,96.07272727272728
156.16,107.16,98.46
156.36,106.36,98.96
155.82,106.18,97.16
154.85,105.52,96.51
153.56,105.49,93.96
151.69,105.69,91.43
148.84,107.19,91.57
147.59,107.89,91.16
133.33,91.8,97.15
106.2,66.36,90.19
102.85,64.53,74.22
100.08,73.2,64.56
106.18,78.33,58.74
105.14,75.97,53.95
105.45,65.98,51.05
165.5,113.11,126.46
204.34,147.79,171.37
133.84,69.86,88.75
103.88,38.71,54.42
111.87,45.94,52.17
132.98,59.55,64.21
141.5,71.54,74.8
129.82,59.82,56.56
144.09,58.95,48.63
157.47,71.62,63.54
154.48,77.63,80.04
133.01,63.89,73.4
115.31,50.46,70.06
110.74,45.62,63.03
120.52,55.68,69.6
141.82,70.39,72.78
132.86,61.32,67.46
139.69,64.34,69.13
155.97,75.73,71.44
145.64,65.14,72.5
140.52,62.88,73.28
145.65,69.2,73.24
139.47,67.9,69.05
130.2,65.13,70.4
127.9,61.5,74.52
126.99,59.14,71.6
126.9,57.7,68.7
128.57,60.73,69.74
132.85,72.44,74.95
139.86,87.91,85.04
142.06,93.4,84.56
144.95,96.87,86.93
153.35454545454544,105.35454545454546,95.35454545454546
155.71,106.71,97.21
156.56,106.56,97.56
153.74,105.54,95.64
152.3,104.3,93.1
151.3,103.3,89.3
151.18,104.58,89.88
150.38,104.38,89.38
149.15,105.55,89.85
139.99,98.42,93.74
111.4,71.78,96.64
99.43,71.23,83.34
97.43,66.41,64.7
110.34,72.59,64.12
106.21,68.2,56.95
104.83,76.84,55.82
137.42,87.43,88.69
133.28,74.31,104.59
100.84,45.85,79.24
91.9,24.78,40.15
96.48,32.96,51.47
136.74,68.93,81.52
150.29,80.84,88.3
146.13,71.5,68.89
138.25,55.33,38.59
158.01,74.92,62.0
156.58,80.34,80.47
138.12,68.12,73.7
118.27,55.94,72.76
113.73,48.61,66.01
118.74,51.16,66.66
136.89,64.95,73.32
141.54,68.04,72.04
131.46,61.1,66.82
148.71,71.93,72.21
150.61,69.65,72.7
141.4,63.81,74.84
140.27,68.79,76.71
137.29,70.37,75.02
134.02,66.75,75.88
128.9,60.9,73.9
126.61,58.31,72.41
125.97,57.97,68.97
128.4,62.4,70.8
135.62,74.86,76.54
142.59,85.4,80.67
144.86,92.05,83.52
145.06,96.66,86.96
152.42727272727274,104.42727272727272,92.02727272727273
154.13,105.73,93.53
156.44,107.64,95.64
154.83,105.67,95.65
152.08,103.38,91.95
150.86,103.46,88.26
150.57,103.31,88.67
150.7,103.5,89.1
151.39,106.74,89.93
149.98,107.24,90.99
121.03,73.95,94.9
102.98,67.41,87.53
102.93,64.32,70.08
102.03,62.43,63.0
107.92,67.11,62.38
113.35,71.94,55.19
115.95,69.64,53.86
110.02,49.68,71.2
107.3,53.07,84.22
83.22,19.51,36.6
92.99,29.1,47.02
113.25,49.03,60.7
170.09,100.7,115.83
154.15,72.09,69.64
138.63,52.85,34.15
165.1,83.84,65.13
165.86,86.27,82.06
151.84,75.87,71.43
124.89,58.7,71.51
116.08,48.86,68.5
118.48,47.41,65.16
127.19,56.98,70.66
140.75,70.02,71.03
134.9,62.76,71.21
136.69,63.82,71.52
146.1,68.92,71.9
140.38,64.9,74.61
134.76,64.23,74.88
135.22,66.53,77.86
135.99,67.23,77.59
132.48,64.48,76.26
128.18,61.18,74.07
126.87,58.63,69.63
126.4,60.53,67.75
132.52,71.45,71.87
141.43,82.82,76.85
146.17,91.72,83.36
145.85,96.31,87.03
152.14545454545456,104.14545454545454,90.14545454545454
153.84,105.84,91.84
155.98,108.02,94.0
153.71,108.18,92.93
151.59,105.76,90.21
152.26,105.3,89.3
151.27,103.6,89.0
151.35,103.05,89.1
154.91,105.73,89.57
154.82,110.06,88.7
137.72,83.07,91.32
111.25,65.92,86.62
98.53,58.88,67.62
96.96,65.6,68.2
98.91,72.03,61.63
109.62,72.15,53.85
122.11,69.56,53.36
106.02,50.37,52.71
85.8,25.8,38.36
92.98,24.99,36.17
98.95,33.39,53.09
109.86,40.47,56.74
178.06,104.43,121.93
155.77,68.8,64.98
140.61,50.0,34.93
161.85,81.46,69.42
169.91,89.73,81.99
164.15,83.01,72.02
131.36,60.6,71.88
119.8,49.53,71.16
115.95,47.8,65.48
119.81,54.01,67.56
135.05,65.21,70.8
141.88,68.43,72.81
131.93,59.44,70.38
140.0,64.29,74.56
139.68,65.39,72.8
134.9,63.11,73.95
133.28,63.55,75.18
135.19,65.39,76.39
131.99,63.99,74.99
127.97,61.83,74.02
127.58,59.18,70.15
128.88,59.23,66.84
132.09,68.6,69.27
140.57,82.85,77.95
146.6,91.85,83.67
146.26,96.03,86.99
151.5090909090909,103.50909090909092,89.50909090909092
154.86,106.36,92.36
153.72,107.83,92.86
154.39,106.86,92.65
153.17,105.47,90.87
150.87,106.16,89.6
150.97,106.48,90.2
151.04,104.84,92.78
152.86,106.83,92.03
157.55,108.06,89.3
162.89,102.0,97.76
113.92,68.79,81.31
108.04,59.54,76.01
99.66,61.0,67.35
95.07,63.11,60.29
106.95,74.75,55.88
112.99,63.4,46.23
110.19,56.98,49.39
97.27,38.62,41.69
91.07,30.24,43.76
101.47,39.56,58.49
102.73,35.13,50.89
174.0,97.39,109.99
151.07,60.14,47.9
143.13,51.49,37.54
151.42,73.64,71.48
165.01,88.89,84.73
167.75,90.26,76.76
135.42,62.82,70.84
120.24,49.24,70.49
116.67,49.34,68.3
117.93,52.28,65.84
126.61,61.92,71.53
141.87,70.44,73.4
134.21,60.69,72.78
132.24,59.71,73.33
136.57,65.08,74.17
136.12,65.08,73.2
132.74,64.43,73.26
131.98,64.78,74.38
130.68,62.68,77.68
129.0,62.42,75.6
130.9,62.15,71.15
133.03,60.85,67.09
135.87,69.35,69.8
141.88,81.8,77.69
147.78,91.04,83.87
151.9,91.59,84.83
152.27272727272728,104.27272727272727,90.98181818181818
154.38,105.95,94.04
153.08,106.37,93.38
154.03,105.55,94.14
153.94,105.29,93.49
151.56,105.86,90.62
151.67,106.66,89.81
151.59,105.09,90.75
152.19,105.83,90.51
156.69,106.52,90.71
170.58,104.97,105.25
135.17,72.48,93.65
111.72,61.67,81.8
106.63,61.32,69.62
96.61,58.02,65.11
96.36,59.83,59.76
101.14,51.53,44.71
102.79,51.6,45.97
95.93,37.91,38.99
90.6,31.86,38.37
94.18,34.31,46.66
106.04,38.4,52.05
168.28,90.59,97.38
141.5,52.39,44.68
148.69,56.0,41.18
161.62,78.66,56.26
175.26,91.74,75.28
173.16,93.04,78.69
138.18,64.16,71.66
121.43,49.47,70.58
116.62,49.05,69.51
119.07,53.64,64.61
122.33,56.79,69.43
138.8,66.34,78.03
138.33,64.22,79.71
131.47,58.67,75.02
134.52,62.7,75.81
136.41,66.37,74.01
132.91,64.15,72.56
132.14,63.78,73.74
132.08,62.88,78.28
132.24,61.97,75.95
133.87,61.07,70.53
134.62,62.46,67.69
138.22,71.68,71.3
143.21,84.26,80.19
170.31,86.81,69.38
199.29,50.72,41.16
152.0818181818182,104.08181818181818,91.9
152.75,104.35,95.55
153.06,105.06,95.06
154.28,104.65,93.94
154.35,104.48,94.23
152.3,105.0,91.8
151.69,105.41,89.92
152.51,104.89,90.29
152.77,104.97,92.17
155.58,104.86,93.2
155.62,96.2,99.21
128.82,62.21,89.03
113.07,56.52,80.05
108.24,57.04,77.04
99.86,53.08,66.75
96.81,50.96,61.74
96.09,45.34,48.54
100.93,50.02,48.37
96.92,39.74,41.85
100.62,41.13,43.48
87.88,26.68,33.32
120.16,42.69,45.55
136.07,53.05,47.53
131.74,49.64,41.73
148.85,64.15,42.17
154.87,82.61,75.21
156.06,78.1,76.74
181.54,99.35,78.41
140.92,64.64,72.31
123.7,50.93,68.18
116.0,47.86,71.87
119.7,54.17,65.05
121.24,54.94,69.34
133.95,61.26,77.84
140.08,66.42,78.86
133.53,61.31,74.4
133.34,60.48,77.52
135.97,63.79,75.19
134.18,63.77,73.28
133.34,63.32,73.46
133.76,63.36,75.16
133.8,61.92,73.7
134.44,61.44,69.64
136.18,64.68,68.18
139.82,73.55,70.95
149.11,86.21,73.65
208.53,89.12,39.91
206.73,55.66,27.83
152.02727272727273,104.02727272727273,93.60909090909091
152.45,103.57,94.85
153.5,104.11,93.12
154.1,107.28,91.95
152.75,106.78,91.24
150.66,106.36,92.18
151.77,105.58,94.62
152.42,105.14,94.78
152.7,104.7,94.7
155.64,105.47,96.97
149.04,91.04,97.64
127.41,61.22,91.75
117.36,50.36,76.22
113.8,55.69,78.21
105.09,52.69,74.4
99.78,44.48,59.72
99.23,49.58,57.76
99.94,51.55,57.43
97.75,39.74,44.63
97.24,35.4,41.57
92.2,25.57,33.7
96.5,25.98,32.48
96.58,30.15,37.38
107.07,35.44,36.12
150.11,67.13,52.82
155.95,91.25,79.8
150.3,82.21,82.28
179.06,99.92,78.82
143.59,70.53,73.37
127.12,55.03,68.15
116.95,48.3,72.09
119.41,52.56,67.92
122.61,52.8,66.66
125.73,54.24,73.91
137.59,64.18,79.35
138.74,63.61,76.45
136.39,60.19,76.9
138.36,62.36,76.84
135.99,63.15,76.04
133.74,62.78,72.14
132.84,62.84,72.84
132.6,61.46,72.2
133.85,62.37,69.85
137.41,67.6,69.48
141.53,77.94,72.27
168.03,90.49,63.67
217.97,93.61,28.29
204.9,65.48,29.68
151.21818181818182,103.21818181818182,92.41818181818182
151.26,102.46,92.74
153.11,103.75,91.89
153.12,106.78,90.74
150.76,106.19,89.98
149.76,106.26,91.86
149.42,103.87,92.74
150.81,104.42,93.34
151.92,103.92,93.92
156.55,105.59,98.92
147.4,87.98,99.37
127.46,60.71,91.57
123.24,52.54,79.48
118.34,47.1,68.55
118.38,51.65,70.85
106.09,47.72,66.9
105.23,45.59,62.08
107.49,45.39,59.68
102.57,36.2,45.42
98.08,35.13,43.56
96.04,30.48,38.51
92.13,28.04,32.93
97.47,34.64,40.19
102.66,32.69,37.83
148.86,56.21,36.08
196.15,99.58,47.63
153.26,87.25,78.88
177.4,100.16,77.64
144.76,72.3,74.54
131.84,61.09,68.82
119.11,51.54,68.49
120.33,52.23,72.19
124.89,53.76,68.09
122.42,50.86,69.98
132.96,59.27,76.11
142.12,65.51,78.5
138.69,61.35,78.53
136.41,60.41,79.4
134.4,61.56,76.68
133.17,61.61,71.37
132.2,61.75,71.93
132.71,62.31,72.52
134.2,63.78,71.06
136.11,66.1,71.67
141.21,74.42,74.31
189.17,93.93,52.93
219.39,93.3,28.74
201.19,74.58,25.1
151.3272727272727,103.32727272727273,89.32727272727273
153.42,105.96,90.16
154.56,107.56,89.96
153.38,106.98,89.62
148.2,105.6,90.05
148.96,105.46,91.06
149.01,105.66,91.21
150.46,106.92,91.25
153.28,105.48,92.68
156.96,105.83,95.26
147.59,85.89,98.69
130.65,61.1,89.14
128.17,54.48,80.35
121.37,46.07,66.97
128.88,51.3,62.28
123.22,55.67,63.28
114.33,49.04,62.92
114.32,44.49,61.51
108.0,42.49,49.76
105.29,40.09,48.02
97.84,32.69,36.42
96.16,30.16,32.16
97.59,33.06,36.74
102.33,37.54,44.09
139.92,54.72,35.98
208.31,100.06,32.34
187.31,88.11,49.36
180.25,101.9,80.4
148.16,72.61,75.75
134.49,65.95,73.03
120.72,54.45,67.69
120.68,52.58,72.38
128.63,55.93,72.63
126.72,53.32,69.42
129.88,54.88,74.88
144.12,64.62,78.22
143.11,64.05,78.37
135.37,61.23,77.95
132.85,62.27,77.39
134.84,61.94,73.84
133.54,61.24,72.14
132.76,64.86,73.16
132.17,65.17,72.17
133.87,64.47,71.97
142.35,69.06,71.7
199.84,96.3,47.44
212.53,94.12,28.45
200.41,82.78,27.61
151.1,103.26363636363637,89.28181818181818
154.67,107.55,89.35
152.87,108.1,89.15
151.92,107.63,90.43
148.76,105.92,89.66
148.65,105.45,90.07
149.83,107.66,92.66
153.05,109.25,91.98
152.35,108.52,90.32
157.61,105.31,93.12
146.22,85.37,95.46
131.58,64.12,88.21
127.88,55.46,77.29
121.01,45.98,65.55
128.93,50.34,62.91
130.07,55.08,59.13
143.48,66.49,62.32
144.71,62.45,63.6
132.4,57.92,61.14
119.79,53.84,54.37
109.14,45.85,46.29
103.78,37.17,38.44
109.18,39.23,40.02
102.38,39.61,49.34
114.0,46.61,48.38
189.82,84.19,32.77
214.72,101.81,31.29
216.21,104.8,62.34
155.04,76.41,81.37
138.11,69.03,79.15
124.35,57.45,70.42
120.28,51.58,70.56
130.32,58.33,74.1
132.11,59.01,71.87
129.32,55.66,73.92
141.66,61.99,78.21
148.78,65.08,79.64
141.72,63.91,77.18
137.5,63.2,77.35
134.37,61.86,73.79
133.66,63.18,71.18
133.23,66.07,71.07
135.22,67.02,72.82
135.13,67.61,74.46
146.89,71.15,72.0
206.02,98.98,53.54
206.23,91.93,29.27
188.18,79.45,26.91
151.4090909090909,103.86363636363636,89.7090909090909
154.5,107.58,88.54
150.65,107.32,89.17
150.11,107.2,90.3
150.36,107.38,90.68
150.74,107.84,91.84
150.2,108.9,93.39
153.0,109.09,90.79
149.46,107.74,88.03
155.93,104.42,93.7
141.88,85.23,96.24
130.77,64.54,88.75
127.89,56.01,77.16
121.53,46.79,65.31
127.89,50.27,62.23
127.08,54.22,58.58
142.32,69.63,62.47
148.68,72.96,68.65
148.17,75.09,63.94
171.27,99.72,82.79
144.59,75.72,69.84
123.61,50.07,41.96
133.72,56.54,63.15
120.17,49.39,61.93
107.47,42.88,58.0
165.15,68.49,39.01
222.4,110.5,31.17
228.68,117.43,50.92
174.24,83.53,74.59
140.54,71.69,81.37
127.97,60.8,72.79
119.28,50.74,68.9
125.98,58.68,72.41
135.24,64.42,72.66
131.5,59.34,71.94
135.67,59.8,76.08
147.57,63.02,77.81
145.38,62.73,77.23
139.8,62.42,76.66
135.29,62.6,75.0
136.39,62.63,74.3
136.39,67.08,72.88
138.18,69.18,74.18
136.27,70.76,72.99
151.03,75.94,72.76
204.59,91.5,83.27
191.44,74.32,50.93
165.15,61.54,26.31
148.65454545454546,105.35454545454546,88.48181818181818
151.62,107.47,89.52
151.57,105.67,90.64
148.34,104.87,89.35
148.12,105.49,89.54
149.0,107.7,91.4
152.34,107.85,93.28
152.32,107.02,89.02
152.13,106.74,89.5
152.57,104.31,95.82
138.65,81.63,94.41
129.5,61.5,88.11
126.62,55.49,75.17
122.54,49.98,65.59
128.89,52.83,59.99
128.28,55.78,59.6
143.41,73.79,65.64
152.51,78.33,72.96
144.64,67.68,64.16
175.85,91.56,68.91
170.93,93.63,81.64
155.04,80.48,76.98
163.39,86.89,91.14
124.21,50.33,59.97
119.98,52.66,73.92
133.63,51.96,47.3
226.56,112.34,31.76
227.27,120.33,34.03
202.91,93.24,55.74
142.23,74.22,81.26
130.44,65.43,72.78
118.97,53.15,65.71
121.77,55.27,70.57
138.84,64.55,73.42
139.23,60.7,72.51
132.63,56.29,74.37
142.64,60.38,75.43
145.58,62.58,75.06
140.5,61.7,74.36
137.42,62.76,78.07
136.53,64.33,75.27
138.64,67.14,76.54
140.99,69.99,77.99
140.17,71.91,76.35
155.71,80.29,80.79
189.93,68.99,83.48
170.33,48.01,51.26
151.65,70.22,44.32
149.9090909090909,105.7090909090909,89.56363636363636
149.95,106.48,89.78
151.79,106.92,91.1
152.4,104.96,90.2
152.17,104.98,90.18
151.6,105.4,90.6
151.35,104.81,90.59
151.64,107.29,90.16
152.3,109.0,92.01
153.83,104.4,97.76
136.35,77.72,94.97
129.38,57.96,86.85
126.24,52.84,73.57
123.8,51.17,67.49
130.32,54.66,60.5
132.19,57.73,64.89
144.7,73.78,68.51
158.64,82.41,80.29
179.24,63.3,58.6
231.97,66.77,35.46
226.67,74.9,40.19
191.19,81.49,61.19
181.03,87.3,65.68
149.55,61.34,60.49
119.76,51.92,76.59
117.5,48.91,72.05
197.88,96.29,35.68
228.02,120.33,31.09
220.38,103.63,40.0
149.69,77.58,78.11
132.48,68.48,72.07
121.5,55.77,63.96
120.04,52.89,68.13
135.88,62.46,72.73
140.06,62.73,72.06
131.99,58.06,72.93
138.83,59.43,74.4
148.23,64.07,75.91
143.94,64.9,75.58
139.08,63.31,75.94
139.9,63.5,75.9
139.57,65.51,76.31
139.27,68.7,77.53
141.6,73.81,79.22
157.33,79.28,83.81
168.61,57.52,71.5
145.23,49.73,49.22
158.19,108.89,78.92
151.0090909090909,105.00909090909092,90.19090909090909
149.06,105.88,92.84
151.8,107.96,93.9
153.43,106.49,90.73
152.28,104.98,89.58
152.0,104.0,90.0
151.92,104.12,90.02
149.39,106.49,90.59
148.7,108.6,91.85
153.49,102.59,95.64
135.15,75.35,92.7
126.38,59.17,87.91
123.33,53.03,73.14
124.87,52.07,69.57
132.45,57.35,61.35
136.08,58.76,70.93
143.5,70.06,72.43
166.38,83.28,82.16
200.56,51.46,50.67
232.84,35.81,32.53
234.64,66.14,32.64
234.0,74.6,32.95
221.68,91.05,39.22
219.84,96.68,39.23
138.83,61.26,81.71
126.04,58.86,89.04
142.75,59.74,51.44
229.93,128.45,38.34
227.47,115.27,34.27
174.2,81.39,62.55
142.17,74.83,73.46
126.37,59.55,66.34
119.67,51.67,66.67
130.37,58.19,72.31
140.36,64.68,74.2
137.02,60.98,73.28
137.62,59.0,74.97
145.78,64.0,73.58
144.46,66.14,73.59
142.53,65.37,73.59
141.54,62.74,72.94
141.21,63.27,74.59
139.29,66.05,77.25
142.58,74.71,81.82
158.33,74.18,81.8
144.8,53.7,62.53
146.32,80.71,75.07
175.38,130.22,95.93
149.28181818181818,105.46363636363637,90.06363636363636
148.56,104.64,94.04
148.7,104.87,92.06
149.83,105.89,89.34
149.8,104.98,88.06
151.81,104.59,89.33
150.78,103.76,91.62
149.46,104.33,88.82
149.81,105.08,90.04
152.07,99.93,96.21
134.41,74.14,93.6
125.7,59.92,89.82
121.36,52.83,74.99
123.65,52.27,72.74
134.61,57.46,64.9
141.7,61.76,76.52
140.51,67.7,74.84
175.59,86.4,80.48
230.93,35.71,35.62
232.18,39.61,32.14
232.01,49.46,31.67
233.3,68.52,31.77
230.92,85.39,33.81
231.45,102.26,29.85
201.77,93.64,46.09
125.35,52.0,76.72
117.39,50.26,73.89
196.14,101.86,44.3
233.88,130.25,50.89
210.34,93.97,47.03
156.51,82.33,72.05
130.11,61.66,67.54
121.51,51.05,67.07
124.27,54.07,72.69
140.32,61.9,76.8
142.37,61.14,73.78
138.04,58.69,73.28
142.7,62.36,71.3
143.88,65.8,71.96
142.75,64.77,71.47
143.47,62.23,71.47
140.79,64.33,73.48
140.41,69.02,77.78
150.42,81.89,85.9
153.32,71.38,74.42
142.98,74.43,70.57
171.93,130.21,102.9
188.81,138.16,118.78
149.05454545454546,105.78181818181818,90.23636363636363
149.16,105.16,94.76
148.24,104.54,91.24
148.28,104.74,88.02
149.36,106.04,88.47
149.32,106.34,89.42
149.97,103.96,91.64
150.34,103.92,88.8
151.27,104.86,90.42
152.43,99.8,96.93
136.26,75.86,95.86
128.04,61.99,92.83
123.06,54.36,77.47
122.85,51.79,73.6
133.59,59.19,69.54
141.15,64.29,82.7
136.87,64.66,74.06
197.81,100.77,87.53
227.13,68.15,39.44
229.73,48.7,29.34
232.65,67.3,28.1
231.07,69.03,27.99
231.15,75.48,32.49
233.05,97.24,32.07
234.15,106.19,29.31
207.72,98.29,39.14
128.91,57.59,75.95
134.64,59.97,59.42
231.28,134.95,57.19
228.18,114.9,48.22
173.89,80.37,65.41
134.36,64.92,71.36
125.2,53.88,69.74
121.42,52.08,71.21
136.7,57.7,73.57
144.01,62.5,71.11
139.14,61.8,72.22
138.49,62.91,70.35
143.48,63.07,70.24
146.45,62.89,71.48
143.73,62.26,71.2
141.58,66.57,72.48
142.97,73.45,76.73
165.75,99.69,88.9
166.24,101.63,79.54
169.47,118.72,79.78
160.35,107.77,73.71
158.97,103.16,85.39
149.56363636363636,106.2909090909091,90.74545454545455
149.65,105.65,95.25
148.18,104.48,91.18
150.52,104.82,88.82
152.92,107.22,90.32
153.14,107.44,91.24
152.42,105.28,91.32
152.95,104.97,90.58
152.8,106.5,91.99
152.4,99.9,96.94
137.35,76.95,96.95
131.93,65.63,98.33
126.83,57.93,82.13
124.72,53.32,77.57
134.04,61.09,72.54
140.33,65.58,83.87
131.32,60.42,75.07
167.17,88.19,87.6
224.27,93.96,52.62
230.76,70.87,29.3
233.39,73.98,28.8
231.1,85.64,31.74
231.82,79.76,32.0
232.39,86.98,28.62
234.17,105.11,29.82
231.76,111.36,28.18
202.95,101.74,44.39
121.18,54.6,72.95
180.79,98.63,43.82
231.47,135.16,65.28
201.61,90.31,49.99
141.09,68.03,71.48
131.39,57.05,69.38
120.09,50.64,68.31
129.98,55.01,70.2
140.08,61.72,72.33
137.68,64.04,72.21
139.06,64.06,71.36
145.97,63.96,69.59
151.16,63.04,69.32
144.54,62.34,69.84
143.33,69.23,73.51
143.67,78.29,75.55
168.76,114.37,81.72
155.75,100.96,66.31
138.56,78.26,60.19
145.95,89.27,80.89
148.2,93.39,84.46
150.0,106.72727272727273,91.18181818181819
149.1,106.21,95.53
147.64,106.48,92.34
149.92,106.45,89.66
152.23,108.07,91.29
153.63,108.34,92.69
152.0,108.28,92.33
151.96,108.86,92.23
152.3,109.12,93.52
151.12,101.36,96.6
136.64,75.28,96.02
132.27,64.59,98.01
129.47,58.68,83.99
128.5,55.26,79.31
136.19,64.95,75.71
148.52,69.95,85.38
171.56,70.24,65.47
204.99,85.15,55.33
223.2,81.09,39.0
233.05,92.84,31.97
231.77,84.88,30.26
230.42,95.51,30.93
232.88,98.59,30.73
235.83,96.43,29.62
234.82,96.17,28.31
234.59,112.24,30.57
232.92,116.92,35.52
181.37,82.7,51.82
126.09,54.03,63.01
221.61,133.41,55.94
222.64,112.81,43.36
164.27,73.54,59.26
135.99,55.85,66.53
124.28,50.91,69.78
127.27,56.31,71.6
139.67,60.92,74.32
138.51,64.57,75.94
137.29,62.92,73.7
141.98,61.49,73.25
146.06,59.68,70.34
141.59,60.87,67.87
145.46,73.32,77.24
156.1,95.3,81.59
159.36,102.8,69.38
120.66,56.47,43.6
140.36,83.78,74.64
147.1,95.67,88.15
148.01,94.45,85.72
150.0,106.72727272727273,91.18181818181819
149.08,106.99,96.02
148.56,109.26,94.58
147.9,109.19,94.06
148.57,109.21,93.84
150.05,109.05,92.65
150.73,108.35,91.51
151.1,108.3,91.2
152.61,109.11,93.5
149.98,100.87,95.35
136.89,74.82,96.08
133.0,64.37,98.28
131.65,58.88,85.75
133.58,55.32,81.89
162.04,64.97,76.58
213.14,74.97,55.24
234.43,71.86,28.55
234.78,75.89,32.78
233.76,70.71,32.89
233.42,89.59,32.8
230.81,97.48,32.85
230.9,97.96,30.33
233.33,102.25,28.53
235.79,105.16,26.67
234.8,109.07,27.07
236.23,113.9,29.64
236.39,121.38,31.65
232.24,120.27,35.71
173.52,76.56,49.0
158.5,76.39,43.03
232.18,133.24,63.51
191.96,87.13,41.99
143.66,55.69,65.14
126.64,53.12,71.12
128.16,56.01,72.73
139.86,59.79,73.63
142.58,60.67,75.11
138.01,60.21,74.01
138.47,60.78,76.23
142.81,61.79,74.74
138.99,63.47,68.66
147.42,83.19,79.19
163.31,105.92,80.27
134.82,76.46,51.85
131.29,73.68,69.77
145.37,93.97,88.48
143.65,96.54,88.24
145.3,95.47,83.73
152.2,106.2,91.2
152.04,107.16,94.1
151.0,107.2,96.0
149.12,108.55,92.54
146.67,109.92,93.3
146.57,108.57,95.57
146.39,107.38,90.42
149.47,105.68,88.46
150.51,105.89,89.95
148.23,96.33,95.83
138.41,74.55,97.61
135.32,65.56,99.64
130.81,60.87,85.37
200.06,63.15,74.13
228.85,43.79,49.43
231.76,55.25,28.57
235.87,84.64,28.15
236.54,89.96,27.7
235.8,100.5,33.71
235.09,97.97,31.76
232.39,100.12,33.25
232.57,104.22,31.07
230.99,104.14,26.71
231.69,110.26,27.07
235.63,116.07,27.06
236.69,122.65,29.37
233.85,124.59,31.62
236.08,129.13,34.42
236.56,128.45,33.03
190.83,89.93,33.2
209.27,114.56,61.63
203.91,101.73,53.22
150.91,59.14,62.86
132.95,53.09,68.87
128.47,53.65,73.12
136.51,58.63,74.16
141.71,60.29,72.84
140.72,59.82,75.8
140.84,61.7,78.94
141.2,63.23,75.54
142.69,67.78,72.03
155.23,92.6,81.39
139.88,76.27,62.34
140.87,85.18,76.22
146.29,95.59,90.29
145.57,94.57,90.57
143.86,94.98,86.77
143.33,95.13,85.23
151.14545454545456,106.34545454545454,90.94545454545455
153.17,106.97,94.26
153.64,106.04,96.04
152.61,106.84,94.13
150.0,108.39,93.14
147.78,108.28,93.98
146.85,105.89,88.47
149.21,104.59,86.86
151.1,102.58,88.3
149.84,93.02,93.62
137.5,75.68,98.03
135.51,70.44,101.7
131.8,67.83,90.75
162.44,70.75,81.6
218.28,61.71,45.67
230.91,69.08,33.53
232.09,82.56,29.1
236.76,89.25,33.72
233.25,105.8,30.81
236.52,114.82,35.44
234.64,111.64,31.34
230.85,112.32,28.77
231.28,119.26,27.3
232.94,113.2,25.95
235.62,115.04,27.26
236.04,122.57,30.04
232.53,127.42,32.16
232.6,126.23,29.91
234.34,126.72,28.66
235.44,124.55,29.64
218.71,116.52,30.03
205.85,101.81,53.01
158.69,61.99,60.87
138.05,53.31,67.44
132.64,53.01,71.68
134.27,58.88,72.43
140.32,61.59,72.31
141.7,61.18,75.64
142.83,62.19,76.89
143.78,66.3,74.8
150.97,80.92,78.92
145.17,77.54,68.57
140.15,80.44,71.09
150.42,97.46,84.19
147.38,96.39,86.6
146.74,95.04,89.34
144.73,95.27,85.51
144.63,95.97,84.73
150.0,107.0,91.0
151.66,106.66,93.66
152.4,105.4,95.4
151.87,104.97,95.47
151.4,105.52,91.12
150.77,105.17,90.17
150.1,104.89,87.17
149.76,104.66,85.96
150.88,102.28,88.58
148.86,92.71,92.21
137.6,75.7,98.05
135.29,70.38,102.8
135.41,70.64,94.37
133.45,67.94,94.4
141.31,67.63,85.12
180.38,78.82,82.38
201.11,68.22,61.84
223.14,80.15,48.01
235.14,92.3,40.48
232.52,98.28,35.55
232.57,97.13,32.19
231.56,100.83,30.06
233.42,108.54,29.42
236.21,118.06,27.92
235.23,113.03,27.23
236.6,118.93,29.34
233.47,124.16,29.26
232.07,129.12,29.59
232.0,127.54,28.49
235.13,127.13,29.13
234.42,125.6,29.27
212.09,98.55,30.56
165.36,61.94,55.84
139.98,55.9,64.12
135.11,55.28,67.05
135.57,58.78,70.62
142.28,61.84,70.9
146.2,63.1,72.7
149.32,65.56,77.08
150.23,73.01,78.16
154.26,91.2,81.25
135.07,68.25,65.56
147.5,93.1,83.94
148.26,95.9,86.63
148.12,95.4,86.84
148.08,95.08,87.08
146.44,96.24,84.04
145.35,96.2,82.75
150.0,107.0,91.0
149.86,106.46,91.06
149.4,105.6,90.8
152.29,105.52,90.83
151.64,104.7,89.06
150.99,105.68,89.6
150.75,106.73,89.73
148.71,107.69,86.96
150.14,104.82,88.25
147.16,91.54,92.47
135.93,76.06,98.32
135.28,68.89,105.26
136.95,68.86,97.17
135.58,68.08,96.47
136.02,68.12,86.92
170.32,80.08,96.7
201.49,57.32,75.79
217.95,34.78,47.77
228.62,37.99,33.01
234.37,67.49,33.6
231.93,83.59,30.77
230.25,100.65,31.0
234.67,109.77,29.17
234.5,112.54,27.9
233.32,111.78,29.1
234.7,118.77,27.5
230.77,120.15,25.86
230.81,126.17,29.02
232.61,128.13,30.68
232.16,125.7,28.37
232.4,120.24,25.76
220.83,100.54,28.88
166.0,57.97,49.53
143.36,58.92,63.38
137.7,58.54,66.16
136.48,58.45,70.75
141.29,61.65,72.76
150.91,64.31,74.79
158.31,66.74,80.15
158.14,86.25,82.58
158.17,98.49,76.71
150.03,82.0,84.67
154.24,89.88,92.33
150.13,91.97,90.27
152.11,95.78,87.19
154.07,94.14,83.56
149.35,94.49,82.72
143.9,95.6,85.22
150.25454545454545,106.65454545454546,90.85454545454546
150.05,106.36,90.46
149.71,105.91,89.91
152.57,105.77,89.82
152.7,105.76,89.82
150.71,105.81,89.54
150.28,106.6,90.18
147.29,106.63,86.02
148.83,104.21,86.92
145.92,90.42,93.78
136.45,76.41,103.06
135.8,68.43,105.74
137.81,67.94,98.06
138.18,69.47,103.39
143.16,67.52,87.88
220.42,53.47,76.0
229.16,39.99,56.18
227.92,52.62,32.55
229.84,81.12,33.6
229.85,86.62,30.12
232.22,90.69,28.92
231.93,92.78,32.53
233.93,91.59,30.14
234.28,95.95,29.61
230.84,95.88,30.1
230.55,97.48,28.8
229.43,103.33,30.29
228.35,108.11,32.78
227.7,115.14,31.28
232.38,117.36,31.9
229.01,110.4,26.59
215.48,86.57,32.23
171.17,61.43,46.31
145.74,57.84,63.74
140.88,57.19,65.32
141.59,59.01,72.78
144.87,62.18,75.51
154.94,67.04,79.56
160.31,62.52,79.3
167.51,104.2,89.52
194.77,139.94,124.12
199.94,127.69,145.05
209.72,115.39,147.66
209.63,107.64,122.52
214.09,109.21,65.94
212.21,98.36,51.26
183.05,83.29,65.55
152.89,88.06,79.04
152.14545454545456,106.14545454545454,91.14545454545454
152.94,106.44,90.94
153.06,106.06,90.06
151.12,105.7,89.36
152.2,106.76,90.78
150.54,104.54,89.54
148.18,103.88,89.38
145.51,102.51,84.41
146.98,101.68,84.63
143.81,89.82,91.89
136.88,77.11,102.03
137.88,68.38,106.12
138.89,69.67,98.87
137.53,75.42,107.02
134.93,67.21,91.84
206.01,84.57,64.7
230.2,102.74,33.91
231.47,115.45,29.93
231.89,121.45,32.96
231.92,111.26,30.69
232.23,92.57,30.59
231.85,87.55,27.95
232.29,86.69,27.61
233.81,91.81,28.68
230.65,99.18,30.7
229.21,106.92,31.36
229.98,108.58,32.18
230.47,107.12,31.69
229.44,105.27,30.83
226.53,95.38,29.49
219.5,76.37,31.48
215.62,76.24,33.5
181.83,57.09,39.73
151.06,54.5,63.26
148.05,57.95,67.65
151.98,60.73,72.4
153.69,66.74,77.17
163.2,75.54,86.16
160.01,79.85,80.16
179.46,128.43,99.46
197.16,141.12,139.85
204.04,129.32,155.36
222.68,136.89,160.27
230.81,131.8,118.12
233.2,118.41,65.6
235.04,95.3,57.01
217.23,64.84,54.5
175.94,58.36,60.54
150.94545454545454,106.4090909090909,91.0
153.68,105.85,91.3
153.29,106.57,91.35
149.61,109.18,92.7
150.03,108.86,92.59
148.74,104.54,88.94
146.63,103.15,87.24
145.65,102.68,84.93
146.12,100.48,84.42
142.78,88.99,89.85
136.44,76.94,100.05
136.02,70.07,106.44
136.23,71.52,99.03
138.43,77.62,106.87
168.51,73.08,74.86
228.56,88.0,29.75
231.65,93.41,27.56
232.86,89.55,30.54
231.73,79.89,30.01
231.54,67.49,27.76
229.68,62.78,30.26
223.74,58.42,28.07
222.66,60.14,29.41
226.01,75.34,29.58
229.32,91.46,33.24
228.99,97.42,32.29
228.44,98.66,34.6
230.86,98.08,36.17
227.55,97.41,27.89
224.23,86.8,28.57
220.35,71.6,31.25
224.39,75.93,34.25
203.87,70.45,33.45
164.27,56.84,51.39
155.44,56.55,58.55
164.45,57.53,59.73
167.19,76.38,77.13
182.47,103.47,97.65
181.34,123.44,83.99
151.39,93.44,51.7
152.68,94.48,86.17
158.74,89.8,103.44
180.86,93.04,102.64
223.49,119.56,103.99
233.21,115.63,94.44
232.05,81.63,81.88
224.69,38.66,63.73
186.2,23.03,49.55
150.26363636363635,106.64545454545454,91.0
152.93,105.96,91.5
150.25,108.08,92.0
148.82,110.45,90.97
149.09,109.4,90.79
148.4,105.5,89.5
147.16,104.18,87.47
145.98,103.02,85.6
145.99,100.15,84.64
141.75,87.88,89.07
136.66,76.88,101.1
134.79,71.06,106.73
136.77,72.95,99.85
153.02,81.33,102.41
224.36,83.92,62.69
227.87,53.7,35.07
212.83,50.44,45.32
197.64,53.47,57.14
211.41,49.63,44.41
227.8,41.93,36.16
227.22,32.8,31.05
227.08,42.91,32.27
232.65,71.07,61.9
234.59,97.57,92.08
235.58,89.22,65.84
231.94,95.4,34.44
230.57,84.7,28.53
226.76,70.84,30.82
225.79,68.42,32.11
224.47,57.37,28.46
226.83,72.04,30.96
226.74,66.59,32.56
218.05,68.59,36.51
195.01,76.44,35.36
173.19,62.6,40.67
172.06,51.21,43.96
175.17,88.23,77.22
189.57,130.29,96.23
139.69,77.3,41.95
137.99,84.31,74.39
146.89,97.39,87.31
144.46,93.2,90.8
145.42,92.44,89.84
176.42,100.74,90.29
223.27,108.81,92.13
229.56,81.77,84.62
215.14,28.17,57.28
168.44,23.34,45.06
149.78181818181818,106.78181818181818,90.78181818181818
149.5,108.66,91.29
147.89,109.89,90.89
147.56,110.1,88.94
147.42,109.11,88.7
147.66,107.16,89.06
147.34,105.23,87.08
147.28,104.16,86.19
148.48,99.87,86.58
143.36,88.59,88.03
140.74,77.31,100.46
136.66,72.08,109.35
136.31,73.81,100.65
141.1,82.55,111.06
154.54,72.66,95.37
156.25,72.72,84.11
155.25,91.19,107.42
149.19,83.77,104.45
143.19,67.14,79.7
195.5,56.99,70.2
231.92,40.52,50.78
229.46,37.6,36.2
230.7,59.93,59.05
235.39,91.4,87.48
234.83,83.82,68.76
233.72,85.73,33.63
232.35,94.91,28.1
229.96,80.9,28.96
229.65,69.22,29.8
227.64,60.27,26.02
227.76,68.26,27.11
222.36,50.65,33.6
221.9,86.36,79.75
221.97,89.9,58.89
208.86,82.65,32.64
179.5,47.95,32.89
177.75,101.92,82.48
154.63,87.77,63.64
112.07,43.71,39.56
144.8,95.53,88.26
146.36,96.61,89.8
147.62,92.58,91.08
146.54,90.54,89.54
145.12,94.65,89.08
171.71,96.98,86.55
202.45,83.8,85.09
190.98,43.79,63.53
155.69,49.09,59.14
149.78181818181818,106.56363636363636,90.2
148.35,108.75,90.75
148.27,109.21,90.6
149.53,107.41,88.89
150.44,105.56,88.34
149.53,103.74,88.1
149.06,102.74,88.32
149.59,102.55,89.07
148.69,100.42,89.8
143.66,89.37,89.47
143.05,80.62,101.57
139.24,76.61,107.51
135.74,75.27,97.48
142.7,83.29,111.96
140.44,76.55,107.41
137.35,70.39,89.17
149.47,86.36,105.91
152.36,86.86,112.27
139.6,68.24,88.9
143.8,72.57,84.05
192.73,62.39,82.97
228.66,25.99,43.83
230.98,51.37,44.8
235.13,75.36,59.51
235.7,86.13,73.92
234.68,64.36,35.76
234.64,87.2,30.5
234.66,94.06,27.87
232.84,78.69,28.51
229.92,70.82,28.25
231.48,72.26,30.62
218.57,46.68,27.53
219.28,90.21,73.69
227.4,118.27,67.52
226.81,106.25,34.88
182.48,48.9,36.05
185.13,124.21,92.97
123.62,57.39,38.21
114.84,58.35,52.59
146.31,96.93,89.07
146.08,96.09,90.24
147.14,91.9,90.12
147.19,90.79,89.79
147.04,92.36,91.48
144.57,94.0,89.54
151.23,90.94,88.47
153.44,80.83,82.03
147.51,82.37,79.06
149.5090909090909,105.45454545454545,91.45454545454545
146.8,108.24,92.4
148.73,107.23,92.43
148.65,106.07,89.05
151.66,104.16,88.76
150.22,103.22,88.62
146.77,104.59,88.46
146.62,104.89,88.78
146.3,103.41,85.87
140.96,91.78,86.82
140.85,83.72,100.25
139.79,79.71,106.43
136.29,75.84,98.84
142.59,84.24,112.89
141.81,77.92,111.7
132.31,67.41,87.98
144.8,81.9,99.9
154.15,89.65,112.85
144.4,74.0,96.7
142.73,72.91,88.59
145.42,78.4,91.63
184.5,66.02,84.08
231.12,64.59,51.4
235.48,70.13,39.89
236.07,68.05,36.93
234.71,63.68,29.59
234.55,64.94,31.64
235.19,88.38,28.89
233.28,88.45,27.51
230.17,78.59,28.03
231.58,81.78,31.95
224.03,55.49,30.08
211.65,57.32,40.11
230.62,128.78,82.58
230.64,109.89,33.21
193.68,87.22,60.87
170.48,117.68,65.74
120.89,60.68,41.42
141.58,93.57,80.33
144.83,98.47,84.97
143.17,96.13,90.46
144.93,93.04,89.7
144.89,91.69,89.49
144.33,90.41,88.39
143.23,90.13,88.43
142.93,91.93,90.93
141.68,91.06,88.33
141.84,91.69,84.22
150.6818181818182,104.15454545454546,93.98181818181818
149.91,106.95,95.2
147.63,106.45,93.68
148.57,105.89,90.0
152.04,104.28,90.89
149.48,103.71,92.3
145.7,106.92,90.62
145.2,107.74,89.82
145.34,104.35,87.28
140.39,94.31,86.81
138.6,85.87,99.34
139.79,80.62,108.82
138.21,76.13,99.65
144.43,84.47,111.61
143.72,82.76,114.87
131.86,68.23,87.88
144.82,79.2,94.34
155.77,90.7,111.07
148.69,80.85,101.06
141.27,70.01,88.63
144.95,76.6,90.8
148.17,80.03,92.35
182.7,81.29,81.97
229.71,68.96,35.54
236.07,72.31,36.44
235.25,77.43,45.06
233.02,80.4,49.96
230.72,81.44,47.26
230.79,89.34,29.27
229.28,81.31,28.9
230.65,90.39,31.39
225.93,63.94,32.18
214.21,46.94,33.03
213.05,91.11,68.31
229.87,112.39,48.47
191.09,122.61,84.37
130.45,68.87,37.96
137.43,87.19,74.84
142.32,97.11,84.52
143.35,97.89,85.84
141.96,96.88,90.62
143.84,94.12,89.5
143.34,92.74,88.54
145.25,90.49,88.45
142.35,91.02,88.4
142.04,91.04,89.64
144.22,91.67,88.69
143.37,90.37,85.89
150.63636363636363,103.93636363636364,92.83636363636364
153.14,107.24,93.68
151.46,106.26,90.46
149.6,105.97,90.18
151.34,104.79,92.01
147.63,106.7,94.69
145.78,108.33,92.56
146.02,108.77,91.55
145.66,104.68,88.88
141.25,95.57,88.14
138.94,86.74,98.84
139.66,81.19,109.15
138.34,76.52,98.43
144.48,85.37,106.91
148.01,89.0,115.86
135.51,71.99,88.74
142.35,75.5,90.13
152.63,87.35,106.61
150.78,84.54,103.51
141.17,71.62,86.16
146.57,76.31,87.04
149.71,83.25,90.48
150.81,91.52,92.95
179.68,91.05,81.26
229.53,73.24,51.88
234.88,75.38,39.34
231.89,86.97,55.76
229.55,92.63,69.14
230.18,90.33,37.58
232.82,88.59,32.09
233.36,84.99,30.69
228.86,54.96,35.04
213.13,35.07,32.43
205.89,59.47,40.11
225.48,119.58,51.55
164.14,104.05,70.31
124.81,64.05,51.0
142.04,96.48,83.26
142.15,94.51,87.69
142.42,95.41,88.97
142.57,95.73,90.32
146.56,93.94,90.26
146.38,91.18,88.18
146.7,91.28,85.82
144.28,93.42,86.71
143.88,92.68,87.88
145.56,93.1,88.58
143.25,90.26,85.75
150.8909090909091,104.89090909090909,89.89090909090909
153.05,106.05,91.55
153.27,105.27,91.27
152.46,106.26,91.16
151.71,105.91,94.71
148.05,107.05,95.05
146.21,108.21,95.21
146.09,108.24,94.69
145.74,106.44,91.44
140.96,96.13,90.48
139.72,87.63,98.75
139.94,83.6,109.2
137.36,77.56,97.26
142.4,85.7,102.7
145.73,90.83,114.18
137.41,73.71,92.91
140.73,71.53,87.13
151.28,85.24,105.08
148.7,85.44,106.3
141.39,77.97,90.86
145.15,77.66,86.98
150.55,86.27,90.65
153.33,92.96,92.09
186.95,83.81,77.82
223.42,64.97,51.38
230.37,63.27,31.8
232.79,70.15,41.46
229.74,62.13,50.58
226.31,34.32,28.0
224.19,38.8,28.69
224.78,37.09,31.16
215.49,23.45,31.72
206.94,21.81,30.1
213.24,38.96,40.08
215.04,67.36,40.87
177.35,53.07,36.46
162.86,71.33,53.21
153.79,91.34,76.76
143.68,92.92,85.42
143.49,92.64,88.8
146.25,92.85,88.85
147.37,93.18,88.66
147.23,92.23,87.23
148.2,91.12,86.75
145.77,92.57,86.67
147.13,94.13,88.13
147.62,94.62,88.62
144.11,91.11,85.03
150.72727272727272,104.12727272727273,92.12727272727273
150.82,104.18,90.46
151.92,105.12,89.92
151.48,107.54,91.82
149.45,108.43,94.21
147.4,108.2,95.63
145.77,106.65,94.08
146.75,107.11,94.43
146.55,105.07,92.32
141.42,95.36,92.38
140.41,88.39,102.48
140.6,85.3,109.5
137.46,79.79,99.66
140.53,83.83,100.83
146.98,93.22,114.39
139.23,77.45,96.06
139.84,71.89,85.51
147.7,84.2,106.24
148.38,85.3,111.01
142.74,83.03,94.07
146.9,86.41,90.5
154.03,92.95,91.19
169.55,91.25,84.33
224.1,67.73,49.09
230.08,58.44,26.86
230.95,53.74,27.47
230.13,29.44,33.45
230.15,19.69,31.65
218.27,18.02,28.2
208.49,16.77,27.12
201.15,16.85,28.77
199.32,17.45,30.74
200.49,20.99,27.96
200.94,21.93,25.96
200.16,19.03,26.46
195.64,19.64,27.46
190.69,33.85,26.96
181.81,55.05,37.86
168.16,69.48,54.31
154.02,85.33,73.88
148.35,94.12,82.52
147.28,96.47,87.27
147.15,95.45,87.25
147.86,93.47,86.79
147.47,94.48,87.01
148.21,95.51,87.21
147.74,94.81,88.18
144.59,91.59,85.67
150.36363636363637,103.36363636363636,93.36363636363636
150.64,103.97,92.8
150.5,104.1,91.9
149.72,107.15,91.44
147.33,108.11,92.3
148.16,105.76,93.96
147.55,103.54,92.23
148.11,103.19,91.96
149.82,102.69,92.76
146.03,95.7,92.68
144.04,88.98,100.23
146.41,87.22,111.0
141.31,81.73,102.52
139.72,82.98,99.99
149.83,93.92,114.72
145.56,81.34,100.99
141.37,74.21,86.56
145.22,83.47,105.83
148.65,86.0,112.36
144.08,87.16,96.56
154.95,94.1,86.08
199.83,86.26,63.56
219.61,78.08,54.33
234.3,99.31,40.85
236.65,95.13,29.5
234.09,53.61,28.63
229.04,20.54,26.87
221.74,17.74,25.64
207.84,18.49,26.71
196.74,19.37,29.11
189.92,17.36,30.65
189.73,17.21,31.26
190.02,20.77,28.52
191.11,21.14,25.52
191.05,19.11,27.83
192.0,19.74,26.32
187.99,21.5,26.24
184.58,28.29,31.07
172.34,25.37,30.87
163.3,33.47,34.59
159.38,67.34,57.19
146.49,92.94,82.7
143.37,97.08,88.83
144.26,95.84,86.4
145.5,95.62,87.3
147.96,94.96,89.76
146.9,93.9,88.14
145.02,92.03,85.9
151.14545454545456,104.14545454545454,94.14545454545454
151.46,105.01,92.72
150.19,103.49,93.19
149.06,104.76,93.7
148.56,106.14,92.89
148.32,105.96,89.7
149.14,101.74,88.64
149.36,101.36,88.92
150.4,102.4,90.44
147.09,96.08,90.71
146.16,90.6,98.84
148.7,88.45,110.65
145.4,80.89,102.08
141.84,79.56,98.31
154.49,92.64,116.37
148.68,82.65,104.84
142.35,74.81,89.76
144.71,84.79,103.77
149.16,89.96,111.78
151.19,90.75,100.7
192.0,90.47,71.67
230.5,70.86,29.9
231.46,59.35,25.73
236.03,78.54,29.49
234.7,62.75,27.99
231.52,27.83,28.01
225.32,18.84,27.42
218.51,17.23,27.47
211.98,20.13,28.64
203.13,21.08,32.41
196.33,20.38,32.22
187.56,20.27,28.88
185.3,21.46,26.94
185.32,20.15,25.42
185.18,18.1,26.71
183.54,19.57,27.13
180.4,21.37,27.17
174.97,22.27,29.33
162.65,21.55,29.93
154.19,20.69,31.19
156.8,23.98,31.14
148.68,64.3,56.93
142.93,95.1,84.35
144.24,95.26,86.18
144.5,94.6,86.7
145.9,92.9,88.9
146.0,93.0,87.6
145.08,92.08,86.16
151.51818181818183,104.11818181818182,94.11818181818182
153.19,106.12,93.99
151.16,103.82,93.76
149.23,103.23,96.77
148.0,103.68,94.36
147.8,104.36,93.48
150.18,101.98,93.64
150.76,101.64,93.48
149.88,101.05,90.34
146.05,95.15,90.38
146.8,90.94,99.27
149.57,89.14,111.61
146.14,79.85,104.25
143.15,76.73,96.97
153.49,89.59,114.5
148.72,82.98,105.31
143.03,76.12,89.95
146.69,86.05,101.68
152.05,93.89,108.01
158.3,96.48,97.49
208.99,89.75,55.53
231.98,74.49,27.73
233.09,66.79,28.01
236.03,55.48,29.63
234.58,38.21,27.38
228.32,37.79,27.42
220.08,39.22,30.19
225.49,30.45,29.14
224.53,23.43,30.69
212.09,18.59,30.47
201.17,20.13,29.73
191.58,20.79,26.5
189.31,20.4,26.56
186.7,20.07,27.56
184.7,17.0,29.66
180.19,16.08,31.42
175.1,18.53,30.66
165.45,21.29,28.28
156.34,21.11,26.88
151.26,19.42,28.48
150.86,20.82,30.38
147.47,50.36,50.28
146.48,92.19,82.83
146.72,92.99,85.52
145.42,91.86,85.1
145.53,93.5,88.42
145.68,93.4,87.57
144.72,91.73,85.56
152.6,104.6,94.6
153.42,105.42,93.62
151.97,103.67,93.97
151.07,103.87,96.97
150.74,103.66,93.26
150.52,101.92,94.52
151.52,101.92,94.82
151.9,101.9,94.5
150.36,100.26,91.56
145.07,94.47,90.52
145.06,88.66,97.21
148.78,88.03,111.13
146.09,79.09,107.54
142.27,76.12,96.27
150.88,88.28,113.54
148.95,87.38,108.44
144.18,82.5,93.18
149.56,89.38,103.37
153.45,95.88,106.74
154.82,98.74,95.86
203.64,95.8,58.81
232.2,81.94,31.48
233.68,77.98,29.96
236.08,67.64,28.95
236.81,59.68,28.25
235.7,64.68,29.19
233.07,62.21,31.94
225.52,36.33,29.25
212.39,18.51,27.49
201.74,18.3,28.3
196.54,20.6,29.0
192.84,23.13,28.25
185.31,26.82,27.44
183.67,21.54,29.1
179.49,18.92,32.03
178.05,16.82,31.75
176.68,20.23,31.34
178.1,22.01,28.04
179.08,21.45,27.86
188.27,29.83,25.63
191.64,48.87,38.41
170.42,82.12,71.81
152.05,93.87,83.71
148.08,92.92,86.08
147.18,92.78,86.08
145.82,95.22,88.52
145.11,93.81,87.31
144.05,91.05,85.05
151.1,104.50909090909092,93.34545454545454
154.14,104.24,96.22
151.42,103.98,97.54
150.13,104.95,97.88
151.95,105.92,94.78
151.68,102.08,93.28
150.7,101.43,90.04
151.72,102.53,90.2
150.56,100.46,91.76
147.22,94.86,93.29
144.62,88.71,98.33
147.46,88.72,111.85
144.17,81.26,104.5
139.56,77.03,97.64
150.05,89.96,115.6
150.63,92.24,113.86
148.54,89.36,100.55
152.39,93.68,101.59
151.0,100.39,95.2
151.09,101.92,87.65
185.24,98.55,74.25
232.1,88.82,36.95
236.35,88.22,30.5
237.72,88.62,27.68
235.12,72.26,27.63
235.45,66.41,31.61
232.07,62.57,31.45
207.15,59.02,44.55
185.9,62.04,54.53
178.87,66.42,58.73
180.86,65.72,62.41
215.58,82.93,85.17
193.21,94.25,70.52
156.69,27.56,30.58
171.34,21.22,31.72
176.76,38.11,44.99
200.38,53.71,44.1
207.12,45.71,28.46
214.26,52.48,27.83
228.01,72.91,28.2
231.33,74.66,33.8
212.89,75.98,61.35
167.6,89.43,79.03
149.49,92.83,85.96
146.75,93.83,87.04
144.85,93.93,89.39
144.46,92.26,86.65
144.0,91.0,85.0
151.27272727272728,104.45454545454545,97.83636363636364
154.44,103.44,98.64
152.17,104.48,98.6
150.96,106.34,98.88
151.56,107.07,95.74
150.7,105.1,94.1
149.05,104.46,90.74
150.65,105.21,90.14
151.64,101.7,92.05
148.49,96.22,94.04
146.14,91.04,99.77
148.06,90.47,112.6
143.99,83.09,104.51
143.37,81.63,102.57
153.18,91.11,117.49
155.37,94.47,114.98
151.92,97.44,98.5
149.06,100.25,94.35
146.62,101.74,91.08
147.8,102.22,87.13
162.88,100.92,85.2
224.06,89.31,48.84
235.19,88.75,29.17
233.33,97.04,28.7
233.78,90.46,29.98
235.14,71.42,31.01
231.93,63.35,30.4
204.36,77.8,50.52
156.9,95.01,80.65
146.6,96.75,85.75
145.3,96.12,86.86
202.35,129.25,123.13
156.29,89.12,60.82
115.64,33.97,33.79
165.78,20.96,31.8
183.25,67.93,61.35
217.73,69.39,41.73
226.29,69.38,25.88
235.14,78.54,27.29
235.35,82.54,25.5
233.25,73.08,26.36
224.43,62.95,40.76
178.07,83.21,72.45
149.63,92.72,85.96
145.17,92.94,87.02
143.58,92.58,88.78
144.04,91.64,86.58
143.91,90.91,85.31
150.6909090909091,104.14545454545454,96.05454545454545
155.02,103.52,97.02
153.5,103.9,96.9
150.67,106.37,97.47
149.89,105.03,95.97
149.98,103.18,93.78
149.0,105.0,93.45
152.41,105.51,90.51
151.76,102.46,89.06
148.66,98.21,91.56
148.33,95.98,100.43
150.53,96.31,112.21
147.26,90.92,107.36
150.45,89.11,107.73
157.48,97.53,118.53
155.78,99.06,107.14
150.66,101.72,94.0
146.0,101.66,91.36
145.93,101.73,91.73
147.52,101.43,91.3
149.44,100.88,86.48
203.21,91.91,63.5
232.8,87.5,28.82
232.21,93.99,28.7
232.95,94.03,30.71
234.75,82.96,33.08
235.63,72.93,30.66
226.6,71.13,34.99
185.49,87.55,65.98
149.7,94.34,86.26
143.73,95.2,86.97
181.44,131.73,114.41
134.54,67.71,45.45
113.08,31.6,28.12
179.28,34.4,39.99
209.49,77.82,61.93
227.71,64.92,30.96
231.37,72.05,28.47
235.55,72.55,24.92
234.14,84.88,30.57
229.82,82.7,33.25
208.46,73.02,49.63
164.58,83.45,77.01
145.77,94.35,87.11
143.94,92.94,89.84
143.12,92.12,89.12
144.11,91.71,88.01
143.46,90.46,86.46
150.87272727272727,103.44545454545455,91.8
153.56,104.23,94.2
152.96,104.35,95.14
149.55,103.57,94.69
148.45,102.29,93.85
149.18,102.18,94.58
148.39,102.93,90.89
149.87,103.45,88.39
150.38,102.04,88.28
148.33,98.45,91.59
148.48,95.83,102.12
153.35,97.92,112.52
151.46,95.48,105.21
153.26,93.85,106.64
156.84,99.16,112.27
152.56,98.48,96.78
147.92,99.54,89.37
145.29,99.15,91.31
145.12,100.12,92.52
144.4,101.33,91.62
145.02,101.27,89.36
175.19,95.47,76.45
227.33,87.5,36.27
230.98,91.75,28.62
232.15,94.11,30.39
232.56,91.74,30.53
233.81,85.03,29.15
234.72,79.06,28.76
221.95,80.71,37.55
181.58,87.42,69.39
156.25,102.57,90.53
178.06,128.83,89.06
134.48,60.19,35.32
170.04,26.48,29.29
205.55,68.94,57.5
229.77,68.73,42.04
230.77,67.59,26.52
231.21,71.93,27.68
233.08,83.76,29.18
230.26,101.81,45.89
221.45,91.42,54.56
181.62,85.93,69.2
148.09,91.88,83.74
144.47,93.53,88.96
143.78,93.22,89.78
143.45,94.05,89.65
144.83,92.91,88.83
143.52,90.52,86.52
150.52727272727273,102.52727272727273,88.52727272727273
151.2,103.5,89.1
150.44,103.04,88.24
149.3,102.98,89.61
148.1,101.9,88.7
148.29,102.09,88.89
147.59,101.54,87.07
148.14,102.04,86.94
147.74,100.04,86.04
147.15,97.65,90.7
148.04,95.19,102.69
151.93,95.97,108.18
149.32,95.34,97.4
148.71,96.28,97.52
148.53,97.81,96.59
146.43,97.82,88.44
145.61,97.61,85.21
145.35,96.76,86.95
146.19,96.99,89.79
144.6,97.38,87.48
145.14,97.06,86.96
150.96,97.16,83.41
200.76,90.94,58.27
232.3,89.78,25.71
231.27,98.27,26.47
232.09,99.79,28.35
231.89,96.79,26.77
231.34,94.99,27.31
231.08,91.74,25.23
224.36,82.93,35.71
201.09,113.61,86.87
145.81,74.52,41.49
167.44,35.91,32.37
186.42,33.19,37.23
223.33,83.13,58.02
227.38,74.55,26.73
229.85,86.01,26.53
230.32,86.92,26.52
232.11,93.0,28.51
226.78,91.98,44.83
187.59,85.69,67.19
150.34,91.51,78.65
141.73,93.84,85.76
143.24,93.08,86.15
143.56,92.76,86.52
143.9,91.7,87.7
144.41,91.65,87.65
143.85,90.85,86.85
